name,email
"Adinolfi, Wilson  K",wilson.adinolfi@example.com
"Ait Sidi, Karthikeyan",karthikeyan.aitsidi@example.com
"Akinkuolie, Sarah",sarah.akinkuolie@example.com
"Alagbe,Trina",trina.alagbe@example.com
"Anderson, Carol",carol.anderson@example.com
"Anderson, Linda",linda.anderson@example.com
"Andreola, Colby",colby.andreola@example.com
"Athwal, Sam",sam.athwal@example.com
"Bachiochi, Linda",linda.bachiochi@example.com
"Bacong, Alejandro",alejandro.bacong@example.com
"Baczenski, Rachael",rachael.baczenski@example.com
"Barbara, Thomas",thomas.barbara@example.com
"Barbossa, Hector",hector.barbossa@example.com
"Barone, Francesco  A",francesco.barone@example.com
"Barton, Nader",nader.barton@example.com
"Bates, Norman",norman.bates@example.com
"Beak, Kimberly",kimberly.beak@example.com
"Beatrice, Courtney",courtney.beatrice@example.com
"Becker, Renee",renee.becker@example.com
"Becker, Scott",scott.becker@example.com
"Bernstein, Sean",sean.bernstein@example.com
"Biden, Lowan  M",lowan.biden@example.com
"Billis, Helen",helen.billis@example.com
"Blount, Dianna",dianna.blount@example.com
"Bondwell, Betsy",betsy.bondwell@example.com
"Booth, Frank",frank.booth@example.com
"Boutwell, Bonalyn",bonalyn.boutwell@example.com
"Bozzi, Charles",charles.bozzi@example.com
"Brill, Donna",donna.brill@example.com
"Brown, Mia",mia.brown@example.com
"Buccheri, Joseph",joseph.buccheri@example.com
"Bugali, Josephine",josephine.bugali@example.com
"Bunbury, Jessica",jessica.bunbury@example.com
"Burke, Joelle",joelle.burke@example.com
"Burkett, Benjamin",benjamin.burkett@example.com
"Cady, Max",max.cady@example.com
"Candie, Calvin",calvin.candie@example.com
"Carabbio, Judith",judith.carabbio@example.com
"Carey, Michael",michael.carey@example.com
"Carr, Claudia  N",claudia.carr@example.com
"Carter, Michelle",michelle.carter@example.com
"Chace, Beatrice",beatrice.chace@example.com
"Champaigne, Brian",brian.champaigne@example.com
"Chan, Lin",lin.chan@example.com
"Chang, Donovan  E",donovan.chang@example.com
"Chigurh, Anton",anton.chigurh@example.com
"Chivukula, Enola",enola.chivukula@example.com
"Cierpiszewski, Caroline",caroline.cierpiszewski@example.com
"Clayton, Rick",rick.clayton@example.com
"Cloninger, Jennifer",jennifer.cloninger@example.com
"Close, Phil",phil.close@example.com
"Clukey, Elijian",elijian.clukey@example.com
"Cockel, James",james.cockel@example.com
"Cole, Spencer",spencer.cole@example.com
"Corleone, Michael",michael.corleone@example.com
"Corleone, Vito",vito.corleone@example.com
"Cornett, Lisa",lisa.cornett@example.com
"Costello, Frank",frank.costello@example.com
"Crimmings,   Jean",jean.crimmings@example.com
"Cross, Noah",noah.cross@example.com
"Daneault, Lynn",lynn.daneault@example.com
"Daniele, Ann",ann.daniele@example.com
"Darson, Jene'ya",jeneya.darson@example.com
"Davis, Daniel",daniel.davis@example.com
"Dee, Randy",randy.dee@example.com
"DeGweck,  James",james.degweck@example.com
"Del Bosque, Keyla",keyla.delbosque@example.com
"Delarge, Alex",alex.delarge@example.com
"Demita, Carla",carla.demita@example.com
"Desimone, Carl",carl.desimone@example.com
"DeVito, Tommy",tommy.devito@example.com
"Dickinson, Geoff",geoff.dickinson@example.com
"Dietrich, Jenna",jenna.dietrich@example.com
"DiNocco, Lily",lily.dinocco@example.com
"Dobrin, Denisa  S",denisa.dobrin@example.com
"Dolan, Linda",linda.dolan@example.com
"Dougall, Eric",eric.dougall@example.com
"Driver, Elle",elle.driver@example.com
"Dunn, Amy",amy.dunn@example.com
"Dunne, Amy",amy.dunne@example.com
"Eaton, Marianne",marianne.eaton@example.com
"Engdahl, Jean",jean.engdahl@example.com
"England, Rex",rex.england@example.com
"Erilus, Angela",angela.erilus@example.com
"Estremera, Miguel",miguel.estremera@example.com
"Evensen, April",april.evensen@example.com
"Exantus, Susan",susan.exantus@example.com
"Faller, Megan",megan.faller@example.com
"Fancett, Nicole",nicole.fancett@example.com
"Ferguson, Susan",susan.ferguson@example.com
"Fernandes, Nilson",nilson.fernandes@example.com
"Fett, Boba",boba.fett@example.com
"Fidelia,  Libby",libby.fidelia@example.com
"Fitzpatrick, Michael  J",michael.fitzpatrick@example.com
"Foreman, Tanya",tanya.foreman@example.com
"Forrest, Alex",alex.forrest@example.com
"Foss, Jason",jason.foss@example.com
"Foster-Baker, Amy",amy.fosterbaker@example.com
"Fraval, Maruk",maruk.fraval@example.com
"Galia, Lisa",lisa.galia@example.com
"Garcia, Raul",raul.garcia@example.com
"Gaul, Barbara",barbara.gaul@example.com
"Gentry, Mildred",mildred.gentry@example.com
"Gerke, Melisa",melisa.gerke@example.com
"Gill, Whitney",whitney.gill@example.com
"Gilles, Alex",alex.gilles@example.com
"Girifalco, Evelyn",evelyn.girifalco@example.com
"Givens, Myriam",myriam.givens@example.com
"Goble, Taisha",taisha.goble@example.com
"Goeth, Amon",amon.goeth@example.com
"Gold, Shenice",shenice.gold@example.com
"Gonzalez, Cayo",cayo.gonzalez@example.com
"Gonzalez, Juan",juan.gonzalez@example.com
"Gonzalez, Maria",maria.gonzalez@example.com
"Good, Susan",susan.good@example.com
"Gordon, David",david.gordon@example.com
"Gosciminski, Phylicia",phylicia.gosciminski@example.com
"Goyal, Roxana",roxana.goyal@example.com
"Gray, Elijiah",elijiah.gray@example.com
"Gross, Paula",paula.gross@example.com
"Gruber, Hans",hans.gruber@example.com
"Guilianno, Mike",mike.guilianno@example.com
"Handschiegl, Joanne",joanne.handschiegl@example.com
"Hankard, Earnest",earnest.hankard@example.com
"Harrington, Christie",christie.harrington@example.com
"Harrison, Kara",kara.harrison@example.com
"Heitzman, Anthony",anthony.heitzman@example.com
"Hendrickson, Trina",trina.hendrickson@example.com
"Hitchcock, Alfred",alfred.hitchcock@example.com
"Homberger, Adrienne  J",adrienne.homberger@example.com
"Horton, Jayne",jayne.horton@example.com
"Houlihan, Debra",debra.houlihan@example.com
"Howard, Estelle",estelle.howard@example.com
"Hudson, Jane",jane.hudson@example.com
"Hunts, Julissa",julissa.hunts@example.com
"Hutter, Rosalie",rosalie.hutter@example.com
"Huynh, Ming",ming.huynh@example.com
"Immediato, Walter",walter.immediato@example.com
"Ivey, Rose",rose.ivey@example.com
"Jackson, Maryellen",maryellen.jackson@example.com
"Jacobi, Hannah",hannah.jacobi@example.com
"Jeannite, Tayana",tayana.jeannite@example.com
"Jhaveri, Sneha",sneha.jhaveri@example.com
"Johnson, George",george.johnson@example.com
"Johnson, Noelle",noelle.johnson@example.com
"Johnston, Yen",yen.johnston@example.com
"Jung, Judy",judy.jung@example.com
"Kampew, Donysha",donysha.kampew@example.com
"Keatts, Kramer",kramer.keatts@example.com
"Khemmich, Bartholemew",bartholemew.khemmich@example.com
"King, Janet",janet.king@example.com
"Kinsella, Kathleen",kathleen.kinsella@example.com
"Kirill, Alexandra",alexandra.kirill@example.com
"Knapp, Bradley  J",bradley.knapp@example.com
"Kretschmer, John",john.kretschmer@example.com
"Kreuger, Freddy",freddy.kreuger@example.com
"Lajiri,  Jyoti",jyoti.lajiri@example.com
"Landa, Hans",hans.landa@example.com
"Langford, Lindsey",lindsey.langford@example.com
"Langton, Enrico",enrico.langton@example.com
"LaRotonda, William",william.larotonda@example.com
"Latif, Mohammed",mohammed.latif@example.com
"Le, Binh",binh.le@example.com
"Leach, Dallas",dallas.leach@example.com
"LeBlanc, Brandon  R",brandon.leblanc@example.com
"Lecter, Hannibal",hannibal.lecter@example.com
"Leruth, Giovanni",giovanni.leruth@example.com
"Liebig, Ketsia",ketsia.liebig@example.com
"Linares, Marilyn",marilyn.linares@example.com
"Linden, Mathew",mathew.linden@example.com
"Lindsay, Leonara",leonara.lindsay@example.com
"Lundy, Susan",susan.lundy@example.com
"Lunquist, Lisa",lisa.lunquist@example.com
"Lydon, Allison",allison.lydon@example.com
"Lynch, Lindsay",lindsay.lynch@example.com
"MacLennan, Samuel",samuel.maclennan@example.com
"Mahoney, Lauren",lauren.mahoney@example.com
"Manchester, Robyn",robyn.manchester@example.com
"Mancuso, Karen",karen.mancuso@example.com
"Mangal, Debbie",debbie.mangal@example.com
"Martin, Sandra",sandra.martin@example.com
"Maurice, Shana",shana.maurice@example.com
"Carthy, B'rigit",brigit.carthy@example.com
"Mckenna, Sandy",sandy.mckenna@example.com
"McKinzie, Jac",jac.mckinzie@example.com
"Meads, Elizabeth",elizabeth.meads@example.com
"Medeiros, Jennifer",jennifer.medeiros@example.com
"Miller, Brannon",brannon.miller@example.com
"Miller, Ned",ned.miller@example.com
"Monkfish, Erasumus",erasumus.monkfish@example.com
"Monroe, Peter",peter.monroe@example.com
"Monterro, Luisa",luisa.monterro@example.com
"Moran, Patrick",patrick.moran@example.com
"Morway, Tanya",tanya.morway@example.com
"Motlagh,  Dawn",dawn.motlagh@example.com
"Moumanil, Maliki",maliki.moumanil@example.com
"Myers, Michael",michael.myers@example.com
"Navathe, Kurt",kurt.navathe@example.com
"Ndzi, Colombui",colombui.ndzi@example.com
"Ndzi, Horia",horia.ndzi@example.com
"Newman, Richard",richard.newman@example.com
"Ngodup, Shari",shari.ngodup@example.com
"Nguyen, Dheepa",dheepa.nguyen@example.com
"Nguyen, Lei-Ming",leiming.nguyen@example.com
"Nowlan, Kristie",kristie.nowlan@example.com
"O'hare, Lynn",lynn.ohare@example.com
"Oliver, Brooke",brooke.oliver@example.com
"Onque, Jasmine",jasmine.onque@example.com
"Osturnka, Adeel",adeel.osturnka@example.com
"Owad, Clinton",clinton.owad@example.com
"Ozark, Travis",travis.ozark@example.com
"Panjwani, Nina",nina.panjwani@example.com
"Patronick, Lucas",lucas.patronick@example.com
"Pearson, Randall",randall.pearson@example.com
"Smith, Martin",martin.smith@example.com
"Pelletier, Ermine",ermine.pelletier@example.com
"Perry, Shakira",shakira.perry@example.com
"Peters, Lauren",lauren.peters@example.com
"Peterson, Ebonee",ebonee.peterson@example.com
"Petingill, Shana",shana.petingill@example.com
"Petrowsky, Thelma",thelma.petrowsky@example.com
"Pham, Hong",hong.pham@example.com
"Pitt, Brad",brad.pitt@example.com
"Potts, Xana",xana.potts@example.com
"Power, Morissa",morissa.power@example.com
"Punjabhi, Louis",louis.punjabhi@example.com
"Purinton, Janine",janine.purinton@example.com
"Quinn, Sean",sean.quinn@example.com
"Rachael, Maggie",maggie.rachael@example.com
"Rarrick, Quinn",quinn.rarrick@example.com
"Ren, Kylo",kylo.ren@example.com
"Rhoads, Thomas",thomas.rhoads@example.com
"Rivera, Haley",haley.rivera@example.com
"Roberson, May",may.roberson@example.com
"Robertson, Peter",peter.robertson@example.com
"Robinson, Alain",alain.robinson@example.com
"Robinson, Cherly",cherly.robinson@example.com
"Robinson, Elias",elias.robinson@example.com
"Roby, Lori",lori.roby@example.com
"Roehrich, Bianca",bianca.roehrich@example.com
"Roper, Katie",katie.roper@example.com
"Rose, Ashley",ashley.rose@example.com
"Rossetti, Bruno",bruno.rossetti@example.com
"Roup,Simon",simon.roup@example.com
"Ruiz, Ricardo",ricardo.ruiz@example.com
"Saada, Adell",adell.saada@example.com
"Saar-Beckles, Melinda",melinda.saarbeckles@example.com
"Sadki, Nore",nore.sadki@example.com
"Sahoo, Adil",adil.sahoo@example.com
"Salter, Jason",jason.salter@example.com
"Sander, Kamrin",kamrin.sander@example.com
"Sewkumar, Nori",nori.sewkumar@example.com
"Shepard, Anita",anita.shepard@example.com
"Shields, Seffi",seffi.shields@example.com
"Simard, Kramer",kramer.simard@example.com
"Singh, Nan",nan.singh@example.com
"Sloan, Constance",constance.sloan@example.com
"Smith, Joe",joe.smith@example.com
"Smith, John",john.smith@example.com
"Smith, Leigh Ann",leigh.smith@example.com
"Smith, Sade",sade.smith@example.com
"Soto, Julia",julia.soto@example.com
"Soze, Keyser",keyser.soze@example.com
"Sparks, Taylor",taylor.sparks@example.com
"Spirea, Kelley",kelley.spirea@example.com
"Squatrito, Kristen",kristen.squatrito@example.com
"Stanford,Barbara  M",barbara.stanford@example.com
"Stansfield, Norman",norman.stansfield@example.com
"Steans, Tyrone",tyrone.steans@example.com
"Stoica, Rick",rick.stoica@example.com
"Strong, Caitrin",caitrin.strong@example.com
"Sullivan, Kissy",kissy.sullivan@example.com
"Sullivan, Timothy",timothy.sullivan@example.com
"Sutwell, Barbara",barbara.sutwell@example.com
"Szabo, Andrew",andrew.szabo@example.com
"Tannen, Biff",biff.tannen@example.com
"Tavares, Desiree",desiree.tavares@example.com
"Tejeda, Lenora",lenora.tejeda@example.com
"Terry, Sharlene",sharlene.terry@example.com
"Theamstern, Sophia",sophia.theamstern@example.com
"Thibaud, Kenneth",kenneth.thibaud@example.com
"Tippett, Jeanette",jeanette.tippett@example.com
"Torrence, Jack",jack.torrence@example.com
"Trang, Mei",mei.trang@example.com
"Tredinnick, Neville",neville.tredinnick@example.com
"True, Edward",edward.true@example.com
"Trzeciak, Cybil",cybil.trzeciak@example.com
"Turpin, Jumil",jumil.turpin@example.com
"Valentin,Jackie",jackie.valentin@example.com
"Veera, Abdellah",abdellah.veera@example.com
"Vega, Vincent",vincent.vega@example.com
"Villanueva, Noah",noah.villanueva@example.com
"Voldemort, Lord",lord.voldemort@example.com
"Volk, Colleen",colleen.volk@example.com
"Von Massenbach, Anna",anna.vonmassenbach@example.com
"Walker, Roger",roger.walker@example.com
"Wallace, Courtney  E",courtney.wallace@example.com
"Wallace, Theresa",theresa.wallace@example.com
"Wang, Charlie",charlie.wang@example.com
"Warfield, Sarah",sarah.warfield@example.com
"Whittier, Scott",scott.whittier@example.com
"Wilber, Barry",barry.wilber@example.com
"Wilkes, Annie",annie.wilkes@example.com
"Williams, Jacquelyn",jacquelyn.williams@example.com
"Winthrop, Jordan",jordan.winthrop@example.com
"Wolk, Hang  T",hang.wolk@example.com
"Woodson, Jason",jason.woodson@example.com
"Ybarra, Catherine",catherine.ybarra@example.com
"Zamora, Jennifer",jennifer.zamora@example.com
"Zhou, Julia",julia.zhou@example.com
"Zima, Colleen",colleen.zima@example.com
